"REGION","PROVINCE","distname","year","purchase_quantity","month1","month2","month3","month4","month5","month6","month7","month8","month9","month10","month11","month12"
"NORTHCENTR","NORTHERN","Kaputa","fra0203",0,0,0,0,0,0,0,0,0,0,0,0,0
"NORTHCENTR","NORTHERN","Mpulungu","fra0203",0,0,0,0,0,0,0,0,0,0,0,0,0
"NORTHWEST","LUAPULA","Chienge","fra0203",0,0,0,0,0,0,0,0,0,0,0,0,0
"NORTHCENTR","NORTHERN","Mbala","fra0203",4887.8,0,0,0,0,0,0,0,0,0,0,0,0
"NORTHWEST","LUAPULA","Nchelenge","fra0203",0,0,0,0,0,0,0,0,0,0,0,0,0
"NORTHCENTR","NORTHERN","Nakonde","fra0203",9169.95,0,0,0,0,0,0,0,0,0,0,0,0
"NORTHWEST","LUAPULA","Kawambwa","fra0203",402.45,0,0,0,0,0,0,0,0,0,0,0,0
"NORTHCENTR","NORTHERN","Mporokoso","fra0203",0,0,0,0,0,0,0,0,0,0,0,0,0
"NORTHCENTR","NORTHERN","Mungwi","fra0203",0,0,0,0,0,0,0,0,0,0,0,0,0
"NORTHCENTR","NORTHERN","Isoka","fra0203",2833.4,0,0,0,0,0,0,0,0,0,0,0,0
"NORTHCENTR","NORTHERN","Chinsali","fra0203",0,0,0,0,0,0,0,0,0,0,0,0,0
"NORTHCENTR","NORTHERN","Kasama","fra0203",0,0,0,0,0,0,0,0,0,0,0,0,0
"NORTHWEST","LUAPULA","Mwense","fra0203",0,0,0,0,0,0,0,0,0,0,0,0,0
"NORTHCENTR","NORTHERN","Luwingu","fra0203",0,0,0,0,0,0,0,0,0,0,0,0,0
"SOUTHEAST","EASTERN","Chama","fra0203",0,0,0,0,0,0,0,0,0,0,0,0,0
"NORTHCENTR","NORTHERN","Chilubi","fra0203",0,0,0,0,0,0,0,0,0,0,0,0,0
"NORTHWEST","LUAPULA","Samfya","fra0203",0,0,0,0,0,0,0,0,0,0,0,0,0
"NORTHWEST","LUAPULA","Mansa","fra0203",0,0,0,0,0,0,0,0,0,0,0,0,0
"NORTHWEST","NORTH WESTERN","Mwinilunga","fra0203",0,0,0,0,0,0,0,0,0,0,0,0,0
"NORTHCENTR","NORTHERN","Mpika","fra0203",662.7,0,0,0,0,0,0,0,0,0,0,0,0
"NORTHWEST","LUAPULA","Milenge","fra0203",0,0,0,0,0,0,0,0,0,0,0,0,0
"NORTHWEST","NORTH WESTERN","Solwezi","fra0203",0,0,0,0,0,0,0,0,0,0,0,0,0
"SOUTHEAST","EASTERN","Lundazi","fra0203",2186.8,0,0,0,0,0,0,0,0,0,0,0,0
"NORTHCENTR","CENTRAL","Serenje","fra0203",0,0,0,0,0,0,0,0,0,0,0,0,0
"NORTHWEST","COPPERBELT","Chililabombwe","fra0203",0,0,0,0,0,0,0,0,0,0,0,0,0
"NORTHWEST","COPPERBELT","Chingola","fra0203",0,0,0,0,0,0,0,0,0,0,0,0,0
"NORTHWEST","COPPERBELT","Lufwanyama","fra0203",0,0,0,0,0,0,0,0,0,0,0,0,0
"NORTHWEST","COPPERBELT","Mufulira","fra0203",0,0,0,0,0,0,0,0,0,0,0,0,0
"NORTHWEST","NORTH WESTERN","Kabompo","fra0203",0,0,0,0,0,0,0,0,0,0,0,0,0
"NORTHWEST","COPPERBELT","Kalulushi","fra0203",0,0,0,0,0,0,0,0,0,0,0,0,0
"NORTHWEST","COPPERBELT","Kitwe","fra0203",0,0,0,0,0,0,0,0,0,0,0,0,0
"NORTHWEST","COPPERBELT","Ndola_urban","fra0203",0,0,0,0,0,0,0,0,0,0,0,0,0
"NORTHWEST","NORTH WESTERN","Kasempa","fra0203",732.65,0,0,0,0,0,0,0,0,0,0,0,0
"NORTHWEST","NORTH WESTERN","Mufumbwe","fra0203",0,0,0,0,0,0,0,0,0,0,0,0,0
"NORTHWEST","COPPERBELT","Luanshya","fra0203",0,0,0,0,0,0,0,0,0,0,0,0,0
"SOUTHEAST","EASTERN","Mambwe","fra0203",0,0,0,0,0,0,0,0,0,0,0,0,0
"NORTHWEST","COPPERBELT","Masaiti","fra0203",0,0,0,0,0,0,0,0,0,0,0,0,0
"NORTHWEST","NORTH WESTERN","Zambezi","fra0203",0,0,0,0,0,0,0,0,0,0,0,0,0
"NORTHWEST","NORTH WESTERN","Chavuma","fra0203",0,0,0,0,0,0,0,0,0,0,0,0,0
"SOUTHEAST","EASTERN","Chipata","fra0203",1102.45,0,0,0,0,0,0,0,0,0,0,0,0
"NORTHWEST","COPPERBELT","Mpongwe","fra0203",0,0,0,0,0,0,0,0,0,0,0,0,0
"NORTHCENTR","CENTRAL","Mkushi","fra0203",0,0,0,0,0,0,0,0,0,0,0,0,0
"SOUTHEAST","EASTERN","Petauke","fra0203",0,0,0,0,0,0,0,0,0,0,0,0,0
"NORTHCENTR","CENTRAL","Kapiri_Mposhi","fra0203",0,0,0,0,0,0,0,0,0,0,0,0,0
"SOUTHWEST","WESTERN","Lukulu","fra0203",0,0,0,0,0,0,0,0,0,0,0,0,0
"SOUTHEAST","EASTERN","Katete","fra0203",0,0,0,0,0,0,0,0,0,0,0,0,0
"SOUTHEAST","EASTERN","Chadiza","fra0203",377.2,0,0,0,0,0,0,0,0,0,0,0,0
"SOUTHEAST","EASTERN","Nyimba","fra0203",1179.55,0,0,0,0,0,0,0,0,0,0,0,0
"SOUTHWEST","WESTERN","Kaoma","fra0203",0,0,0,0,0,0,0,0,0,0,0,0,0
"SOUTHWEST","WESTERN","Kalabo","fra0203",0,0,0,0,0,0,0,0,0,0,0,0,0
"NORTHCENTR","CENTRAL","Mumbwa","fra0203",0,0,0,0,0,0,0,0,0,0,0,0,0
"NORTHCENTR","CENTRAL","Kabwe_urban","fra0203",0,0,0,0,0,0,0,0,0,0,0,0,0
"NORTHCENTR","CENTRAL","Chibombo","fra0203",0,0,0,0,0,0,0,0,0,0,0,0,0
"SOUTHWEST","WESTERN","Mongu","fra0203",0,0,0,0,0,0,0,0,0,0,0,0,0
"SOUTHEAST","LUSAKA","Chongwe","fra0203",0,0,0,0,0,0,0,0,0,0,0,0,0
"SOUTHEAST","LUSAKA","Luangwa","fra0203",0,0,0,0,0,0,0,0,0,0,0,0,0
"SOUTHEAST","LUSAKA","Lusaka_urban","fra0203",0,0,0,0,0,0,0,0,0,0,0,0,0
"SOUTHEAST","LUSAKA","Kafue","fra0203",0,0,0,0,0,0,0,0,0,0,0,0,0
"SOUTHWEST","SOUTHERN","ItezhiTezhi","fra0203",0,0,0,0,0,0,0,0,0,0,0,0,0
"SOUTHWEST","WESTERN","Senanga","fra0203",0,0,0,0,0,0,0,0,0,0,0,0,0
"SOUTHWEST","SOUTHERN","Mazabuka","fra0203",0,0,0,0,0,0,0,0,0,0,0,0,0
"SOUTHWEST","WESTERN","Sesheke","fra0203",0,0,0,0,0,0,0,0,0,0,0,0,0
"SOUTHWEST","SOUTHERN","Namwala","fra0203",0,0,0,0,0,0,0,0,0,0,0,0,0
"SOUTHWEST","SOUTHERN","Monze","fra0203",0,0,0,0,0,0,0,0,0,0,0,0,0
"SOUTHWEST","WESTERN","Shangombo","fra0203",0,0,0,0,0,0,0,0,0,0,0,0,0
"SOUTHWEST","SOUTHERN","Siavonga","fra0203",0,0,0,0,0,0,0,0,0,0,0,0,0
"SOUTHWEST","SOUTHERN","Kazungula","fra0203",0,0,0,0,0,0,0,0,0,0,0,0,0
"SOUTHWEST","SOUTHERN","Choma","fra0203",0,0,0,0,0,0,0,0,0,0,0,0,0
"SOUTHWEST","SOUTHERN","Kalomo","fra0203",0,0,0,0,0,0,0,0,0,0,0,0,0
"SOUTHWEST","SOUTHERN","Gwembe","fra0203",0,0,0,0,0,0,0,0,0,0,0,0,0
"SOUTHWEST","SOUTHERN","Sinazongwe","fra0203",0,0,0,0,0,0,0,0,0,0,0,0,0
"SOUTHWEST","SOUTHERN","Livingstone","fra0203",0,0,0,0,0,0,0,0,0,0,0,0,0
"NORTHCENTR","NORTHERN","Kaputa","fra0304",0,0,0,0,0,0,0,0,0,0,0,0,0
"NORTHCENTR","NORTHERN","Mpulungu","fra0304",0,0,0,0,0,0,0,0,0,0,0,0,0
"NORTHWEST","LUAPULA","Chienge","fra0304",0,0,0,0,0,0,0,0,0,0,0,0,0
"NORTHCENTR","NORTHERN","Mbala","fra0304",2091.15,0,0,0,0,0,0,0,0,0,0,0,0
"NORTHWEST","LUAPULA","Nchelenge","fra0304",0,0,0,0,0,0,0,0,0,0,0,0,0
"NORTHCENTR","NORTHERN","Nakonde","fra0304",563.5,0,0,0,0,0,0,0,0,0,0,0,0
"NORTHWEST","LUAPULA","Kawambwa","fra0304",1669.2,0,0,0,0,0,0,0,0,0,0,0,0
"NORTHCENTR","NORTHERN","Mporokoso","fra0304",619.55,0,0,0,0,0,0,0,0,0,0,0,0
"NORTHCENTR","NORTHERN","Mungwi","fra0304",0,0,0,0,0,0,0,0,0,0,0,0,0
"NORTHCENTR","NORTHERN","Isoka","fra0304",1870,0,0,0,0,0,0,0,0,0,0,0,0
"NORTHCENTR","NORTHERN","Chinsali","fra0304",536.8,0,0,0,0,0,0,0,0,0,0,0,0
"NORTHCENTR","NORTHERN","Kasama","fra0304",1140.05,0,0,0,0,0,0,0,0,0,0,0,0
"NORTHWEST","LUAPULA","Mwense","fra0304",0,0,0,0,0,0,0,0,0,0,0,0,0
"NORTHCENTR","NORTHERN","Luwingu","fra0304",350,0,0,0,0,0,0,0,0,0,0,0,0
"SOUTHEAST","EASTERN","Chama","fra0304",0,0,0,0,0,0,0,0,0,0,0,0,0
"NORTHCENTR","NORTHERN","Chilubi","fra0304",0,0,0,0,0,0,0,0,0,0,0,0,0
"NORTHWEST","LUAPULA","Samfya","fra0304",361.85,0,0,0,0,0,0,0,0,0,0,0,0
"NORTHWEST","LUAPULA","Mansa","fra0304",530.8,0,0,0,0,0,0,0,0,0,0,0,0
"NORTHWEST","NORTH WESTERN","Mwinilunga","fra0304",969.35,0,0,0,0,0,0,0,0,0,0,0,0
"NORTHCENTR","NORTHERN","Mpika","fra0304",1653.7,0,0,0,0,0,0,0,0,0,0,0,0
"NORTHWEST","LUAPULA","Milenge","fra0304",0,0,0,0,0,0,0,0,0,0,0,0,0
"NORTHWEST","NORTH WESTERN","Solwezi","fra0304",639.3,0,0,0,0,0,0,0,0,0,0,0,0
"SOUTHEAST","EASTERN","Lundazi","fra0304",3400,0,0,0,0,0,0,0,0,0,0,0,0
"NORTHCENTR","CENTRAL","Serenje","fra0304",1324.75,0,0,0,0,0,0,0,0,0,0,0,0
"NORTHWEST","COPPERBELT","Chililabombwe","fra0304",0,0,0,0,0,0,0,0,0,0,0,0,0
"NORTHWEST","COPPERBELT","Chingola","fra0304",0,0,0,0,0,0,0,0,0,0,0,0,0
"NORTHWEST","COPPERBELT","Lufwanyama","fra0304",392.05,0,0,0,0,0,0,0,0,0,0,0,0
"NORTHWEST","COPPERBELT","Mufulira","fra0304",0,0,0,0,0,0,0,0,0,0,0,0,0
"NORTHWEST","NORTH WESTERN","Kabompo","fra0304",81.65,0,0,0,0,0,0,0,0,0,0,0,0
"NORTHWEST","COPPERBELT","Kalulushi","fra0304",0,0,0,0,0,0,0,0,0,0,0,0,0
"NORTHWEST","COPPERBELT","Kitwe","fra0304",0,0,0,0,0,0,0,0,0,0,0,0,0
"NORTHWEST","COPPERBELT","Ndola_urban","fra0304",0,0,0,0,0,0,0,0,0,0,0,0,0
"NORTHWEST","NORTH WESTERN","Kasempa","fra0304",1116.6,0,0,0,0,0,0,0,0,0,0,0,0
"NORTHWEST","NORTH WESTERN","Mufumbwe","fra0304",293.25,0,0,0,0,0,0,0,0,0,0,0,0
"NORTHWEST","COPPERBELT","Luanshya","fra0304",0,0,0,0,0,0,0,0,0,0,0,0,0
"SOUTHEAST","EASTERN","Mambwe","fra0304",0,0,0,0,0,0,0,0,0,0,0,0,0
"NORTHWEST","COPPERBELT","Masaiti","fra0304",0,0,0,0,0,0,0,0,0,0,0,0,0
"NORTHWEST","NORTH WESTERN","Zambezi","fra0304",0,0,0,0,0,0,0,0,0,0,0,0,0
"NORTHWEST","NORTH WESTERN","Chavuma","fra0304",0,0,0,0,0,0,0,0,0,0,0,0,0
"SOUTHEAST","EASTERN","Chipata","fra0304",2367,0,0,0,0,0,0,0,0,0,0,0,0
"NORTHWEST","COPPERBELT","Mpongwe","fra0304",0,0,0,0,0,0,0,0,0,0,0,0,0
"NORTHCENTR","CENTRAL","Mkushi","fra0304",1625.7,0,0,0,0,0,0,0,0,0,0,0,0
"SOUTHEAST","EASTERN","Petauke","fra0304",4291.45,0,0,0,0,0,0,0,0,0,0,0,0
"NORTHCENTR","CENTRAL","Kapiri_Mposhi","fra0304",795.95,0,0,0,0,0,0,0,0,0,0,0,0
"SOUTHWEST","WESTERN","Lukulu","fra0304",0,0,0,0,0,0,0,0,0,0,0,0,0
"SOUTHEAST","EASTERN","Katete","fra0304",2933.45,0,0,0,0,0,0,0,0,0,0,0,0
"SOUTHEAST","EASTERN","Chadiza","fra0304",2266.5,0,0,0,0,0,0,0,0,0,0,0,0
"SOUTHEAST","EASTERN","Nyimba","fra0304",913.85,0,0,0,0,0,0,0,0,0,0,0,0
"SOUTHWEST","WESTERN","Kaoma","fra0304",498.45,0,0,0,0,0,0,0,0,0,0,0,0
"SOUTHWEST","WESTERN","Kalabo","fra0304",0,0,0,0,0,0,0,0,0,0,0,0,0
"NORTHCENTR","CENTRAL","Mumbwa","fra0304",1403.55,0,0,0,0,0,0,0,0,0,0,0,0
"NORTHCENTR","CENTRAL","Kabwe_urban","fra0304",1531.95,0,0,0,0,0,0,0,0,0,0,0,0
"NORTHCENTR","CENTRAL","Chibombo","fra0304",2298.85,0,0,0,0,0,0,0,0,0,0,0,0
"SOUTHWEST","WESTERN","Mongu","fra0304",0,0,0,0,0,0,0,0,0,0,0,0,0
"SOUTHEAST","LUSAKA","Chongwe","fra0304",2381.5,0,0,0,0,0,0,0,0,0,0,0,0
"SOUTHEAST","LUSAKA","Luangwa","fra0304",0,0,0,0,0,0,0,0,0,0,0,0,0
"SOUTHEAST","LUSAKA","Lusaka_urban","fra0304",0,0,0,0,0,0,0,0,0,0,0,0,0
"SOUTHEAST","LUSAKA","Kafue","fra0304",0,0,0,0,0,0,0,0,0,0,0,0,0
"SOUTHWEST","SOUTHERN","ItezhiTezhi","fra0304",0,0,0,0,0,0,0,0,0,0,0,0,0
"SOUTHWEST","WESTERN","Senanga","fra0304",0,0,0,0,0,0,0,0,0,0,0,0,0
"SOUTHWEST","SOUTHERN","Mazabuka","fra0304",1514.6,0,0,0,0,0,0,0,0,0,0,0,0
"SOUTHWEST","WESTERN","Sesheke","fra0304",0,0,0,0,0,0,0,0,0,0,0,0,0
"SOUTHWEST","SOUTHERN","Namwala","fra0304",1231.2,0,0,0,0,0,0,0,0,0,0,0,0
"SOUTHWEST","SOUTHERN","Monze","fra0304",3483,0,0,0,0,0,0,0,0,0,0,0,0
"SOUTHWEST","WESTERN","Shangombo","fra0304",0,0,0,0,0,0,0,0,0,0,0,0,0
"SOUTHWEST","SOUTHERN","Siavonga","fra0304",0,0,0,0,0,0,0,0,0,0,0,0,0
"SOUTHWEST","SOUTHERN","Kazungula","fra0304",0,0,0,0,0,0,0,0,0,0,0,0,0
"SOUTHWEST","SOUTHERN","Choma","fra0304",1968.55,0,0,0,0,0,0,0,0,0,0,0,0
"SOUTHWEST","SOUTHERN","Kalomo","fra0304",3737.65,0,0,0,0,0,0,0,0,0,0,0,0
"SOUTHWEST","SOUTHERN","Gwembe","fra0304",0,0,0,0,0,0,0,0,0,0,0,0,0
"SOUTHWEST","SOUTHERN","Sinazongwe","fra0304",0,0,0,0,0,0,0,0,0,0,0,0,0
"SOUTHWEST","SOUTHERN","Livingstone","fra0304",0,0,0,0,0,0,0,0,0,0,0,0,0
"NORTHCENTR","NORTHERN","Kaputa","fra0405",227.4,0,0,0,0,0,0,0,0,0,0,0,0
"NORTHCENTR","NORTHERN","Mpulungu","fra0405",0,0,0,0,0,0,0,0,0,0,0,0,0
"NORTHWEST","LUAPULA","Chienge","fra0405",135.4,0,0,0,0,0,0,0,0,0,0,0,0
"NORTHCENTR","NORTHERN","Mbala","fra0405",3140,0,0,0,0,0,0,0,0,0,0,0,0
"NORTHWEST","LUAPULA","Nchelenge","fra0405",138.85,0,0,0,0,0,0,0,0,0,0,0,0
"NORTHCENTR","NORTHERN","Nakonde","fra0405",1197,0,0,0,0,0,0,0,0,0,0,0,0
"NORTHWEST","LUAPULA","Kawambwa","fra0405",2065.35,0,0,0,0,0,0,0,0,0,0,0,0
"NORTHCENTR","NORTHERN","Mporokoso","fra0405",807.45,0,0,0,0,0,0,0,0,0,0,0,0
"NORTHCENTR","NORTHERN","Mungwi","fra0405",0,0,0,0,0,0,0,0,0,0,0,0,0
"NORTHCENTR","NORTHERN","Isoka","fra0405",3298.3,0,0,0,0,0,0,0,0,0,0,0,0
"NORTHCENTR","NORTHERN","Chinsali","fra0405",1179.05,0,0,0,0,0,0,0,0,0,0,0,0
"NORTHCENTR","NORTHERN","Kasama","fra0405",2011.1,0,0,0,0,0,0,0,0,0,0,0,0
"NORTHWEST","LUAPULA","Mwense","fra0405",100,0,0,0,0,0,0,0,0,0,0,0,0
"NORTHCENTR","NORTHERN","Luwingu","fra0405",1299.95,0,0,0,0,0,0,0,0,0,0,0,0
"SOUTHEAST","EASTERN","Chama","fra0405",0,0,0,0,0,0,0,0,0,0,0,0,0
"NORTHCENTR","NORTHERN","Chilubi","fra0405",0,0,0,0,0,0,0,0,0,0,0,0,0
"NORTHWEST","LUAPULA","Samfya","fra0405",910.45,0,0,0,0,0,0,0,0,0,0,0,0
"NORTHWEST","LUAPULA","Mansa","fra0405",1974,0,0,0,0,0,0,0,0,0,0,0,0
"NORTHWEST","NORTH WESTERN","Mwinilunga","fra0405",1354.4,0,0,0,0,0,0,0,0,0,0,0,0
"NORTHCENTR","NORTHERN","Mpika","fra0405",3241.15,0,0,0,0,0,0,0,0,0,0,0,0
"NORTHWEST","LUAPULA","Milenge","fra0405",0,0,0,0,0,0,0,0,0,0,0,0,0
"NORTHWEST","NORTH WESTERN","Solwezi","fra0405",1744,0,0,0,0,0,0,0,0,0,0,0,0
"SOUTHEAST","EASTERN","Lundazi","fra0405",4783.75,0,0,0,0,0,0,0,0,0,0,0,0
"NORTHCENTR","CENTRAL","Serenje","fra0405",4004.95,0,0,0,0,0,0,0,0,0,0,0,0
"NORTHWEST","COPPERBELT","Chililabombwe","fra0405",0,0,0,0,0,0,0,0,0,0,0,0,0
"NORTHWEST","COPPERBELT","Chingola","fra0405",0,0,0,0,0,0,0,0,0,0,0,0,0
"NORTHWEST","COPPERBELT","Lufwanyama","fra0405",1023.8,0,0,0,0,0,0,0,0,0,0,0,0
"NORTHWEST","COPPERBELT","Mufulira","fra0405",0,0,0,0,0,0,0,0,0,0,0,0,0
"NORTHWEST","NORTH WESTERN","Kabompo","fra0405",694.95,0,0,0,0,0,0,0,0,0,0,0,0
"NORTHWEST","COPPERBELT","Kalulushi","fra0405",0,0,0,0,0,0,0,0,0,0,0,0,0
"NORTHWEST","COPPERBELT","Kitwe","fra0405",0,0,0,0,0,0,0,0,0,0,0,0,0
"NORTHWEST","COPPERBELT","Ndola_urban","fra0405",548.2,0,0,0,0,0,0,0,0,0,0,0,0
"NORTHWEST","NORTH WESTERN","Kasempa","fra0405",1940.45,0,0,0,0,0,0,0,0,0,0,0,0
"NORTHWEST","NORTH WESTERN","Mufumbwe","fra0405",668.45,0,0,0,0,0,0,0,0,0,0,0,0
"NORTHWEST","COPPERBELT","Luanshya","fra0405",0,0,0,0,0,0,0,0,0,0,0,0,0
"SOUTHEAST","EASTERN","Mambwe","fra0405",0,0,0,0,0,0,0,0,0,0,0,0,0
"NORTHWEST","COPPERBELT","Masaiti","fra0405",0,0,0,0,0,0,0,0,0,0,0,0,0
"NORTHWEST","NORTH WESTERN","Zambezi","fra0405",0,0,0,0,0,0,0,0,0,0,0,0,0
"NORTHWEST","NORTH WESTERN","Chavuma","fra0405",0,0,0,0,0,0,0,0,0,0,0,0,0
"SOUTHEAST","EASTERN","Chipata","fra0405",3886.85,0,0,0,0,0,0,0,0,0,0,0,0
"NORTHWEST","COPPERBELT","Mpongwe","fra0405",1840.15,0,0,0,0,0,0,0,0,0,0,0,0
"NORTHCENTR","CENTRAL","Mkushi","fra0405",3869.6,0,0,0,0,0,0,0,0,0,0,0,0
"SOUTHEAST","EASTERN","Petauke","fra0405",7376.6,0,0,0,0,0,0,0,0,0,0,0,0
"NORTHCENTR","CENTRAL","Kapiri_Mposhi","fra0405",2408.9,0,0,0,0,0,0,0,0,0,0,0,0
"SOUTHWEST","WESTERN","Lukulu","fra0405",0,0,0,0,0,0,0,0,0,0,0,0,0
"SOUTHEAST","EASTERN","Katete","fra0405",4254,0,0,0,0,0,0,0,0,0,0,0,0
"SOUTHEAST","EASTERN","Chadiza","fra0405",2448.15,0,0,0,0,0,0,0,0,0,0,0,0
"SOUTHEAST","EASTERN","Nyimba","fra0405",2245,0,0,0,0,0,0,0,0,0,0,0,0
"SOUTHWEST","WESTERN","Kaoma","fra0405",900,0,0,0,0,0,0,0,0,0,0,0,0
"SOUTHWEST","WESTERN","Kalabo","fra0405",0,0,0,0,0,0,0,0,0,0,0,0,0
"NORTHCENTR","CENTRAL","Mumbwa","fra0405",3267.9,0,0,0,0,0,0,0,0,0,0,0,0
"NORTHCENTR","CENTRAL","Kabwe_urban","fra0405",2858.9,0,0,0,0,0,0,0,0,0,0,0,0
"NORTHCENTR","CENTRAL","Chibombo","fra0405",3401.8,0,0,0,0,0,0,0,0,0,0,0,0
"SOUTHWEST","WESTERN","Mongu","fra0405",0,0,0,0,0,0,0,0,0,0,0,0,0
"SOUTHEAST","LUSAKA","Chongwe","fra0405",3830.9,0,0,0,0,0,0,0,0,0,0,0,0
"SOUTHEAST","LUSAKA","Luangwa","fra0405",0,0,0,0,0,0,0,0,0,0,0,0,0
"SOUTHEAST","LUSAKA","Lusaka_urban","fra0405",156,0,0,0,0,0,0,0,0,0,0,0,0
"SOUTHEAST","LUSAKA","Kafue","fra0405",0,0,0,0,0,0,0,0,0,0,0,0,0
"SOUTHWEST","SOUTHERN","ItezhiTezhi","fra0405",63.95,0,0,0,0,0,0,0,0,0,0,0,0
"SOUTHWEST","WESTERN","Senanga","fra0405",0,0,0,0,0,0,0,0,0,0,0,0,0
"SOUTHWEST","SOUTHERN","Mazabuka","fra0405",3646,0,0,0,0,0,0,0,0,0,0,0,0
"SOUTHWEST","WESTERN","Sesheke","fra0405",269,0,0,0,0,0,0,0,0,0,0,0,0
"SOUTHWEST","SOUTHERN","Namwala","fra0405",2286.95,0,0,0,0,0,0,0,0,0,0,0,0
"SOUTHWEST","SOUTHERN","Monze","fra0405",5714,0,0,0,0,0,0,0,0,0,0,0,0
"SOUTHWEST","WESTERN","Shangombo","fra0405",0,0,0,0,0,0,0,0,0,0,0,0,0
"SOUTHWEST","SOUTHERN","Siavonga","fra0405",0,0,0,0,0,0,0,0,0,0,0,0,0
"SOUTHWEST","SOUTHERN","Kazungula","fra0405",764.75,0,0,0,0,0,0,0,0,0,0,0,0
"SOUTHWEST","SOUTHERN","Choma","fra0405",3314.25,0,0,0,0,0,0,0,0,0,0,0,0
"SOUTHWEST","SOUTHERN","Kalomo","fra0405",7987,0,0,0,0,0,0,0,0,0,0,0,0
"SOUTHWEST","SOUTHERN","Gwembe","fra0405",0,0,0,0,0,0,0,0,0,0,0,0,0
"SOUTHWEST","SOUTHERN","Sinazongwe","fra0405",0,0,0,0,0,0,0,0,0,0,0,0,0
"SOUTHWEST","SOUTHERN","Livingstone","fra0405",0,0,0,0,0,0,0,0,0,0,0,0,0
"NORTHCENTR","NORTHERN","Kaputa","fra0506",399.65,0,0,0,0,0,0,0,0,0,0,0,0
"NORTHCENTR","NORTHERN","Mpulungu","fra0506",0,0,0,0,0,0,0,0,0,0,0,0,0
"NORTHWEST","LUAPULA","Chienge","fra0506",659.45,0,0,0,0,0,0,0,0,0,0,0,0
"NORTHCENTR","NORTHERN","Mbala","fra0506",12885.2,0,0,0,0,0,0,0,0,0,0,0,0
"NORTHWEST","LUAPULA","Nchelenge","fra0506",465.05,0,0,0,0,0,0,0,0,0,0,0,0
"NORTHCENTR","NORTHERN","Nakonde","fra0506",7516.85,0,0,0,0,0,0,0,0,0,0,0,0
"NORTHWEST","LUAPULA","Kawambwa","fra0506",1529.4,0,0,0,0,0,0,0,0,0,0,0,0
"NORTHCENTR","NORTHERN","Mporokoso","fra0506",695.8,0,0,0,0,0,0,0,0,0,0,0,0
"NORTHCENTR","NORTHERN","Mungwi","fra0506",1045.65,0,0,0,0,0,0,0,0,0,0,0,0
"NORTHCENTR","NORTHERN","Isoka","fra0506",4845.15,0,0,0,0,0,0,0,0,0,0,0,0
"NORTHCENTR","NORTHERN","Chinsali","fra0506",2159.35,0,0,0,0,0,0,0,0,0,0,0,0
"NORTHCENTR","NORTHERN","Kasama","fra0506",2166.95,0,0,0,0,0,0,0,0,0,0,0,0
"NORTHWEST","LUAPULA","Mwense","fra0506",241.75,0,0,0,0,0,0,0,0,0,0,0,0
"NORTHCENTR","NORTHERN","Luwingu","fra0506",1621.6,0,0,0,0,0,0,0,0,0,0,0,0
"SOUTHEAST","EASTERN","Chama","fra0506",0,0,0,0,0,0,0,0,0,0,0,0,0
"NORTHCENTR","NORTHERN","Chilubi","fra0506",0,0,0,0,0,0,0,0,0,0,0,0,0
"NORTHWEST","LUAPULA","Samfya","fra0506",426.3,0,0,0,0,0,0,0,0,0,0,0,0
"NORTHWEST","LUAPULA","Mansa","fra0506",1982,0,0,0,0,0,0,0,0,0,0,0,0
"NORTHWEST","NORTH WESTERN","Mwinilunga","fra0506",2005.45,0,0,0,0,0,0,0,0,0,0,0,0
"NORTHCENTR","NORTHERN","Mpika","fra0506",2275.55,0,0,0,0,0,0,0,0,0,0,0,0
"NORTHWEST","LUAPULA","Milenge","fra0506",172.85,0,0,0,0,0,0,0,0,0,0,0,0
"NORTHWEST","NORTH WESTERN","Solwezi","fra0506",1454.25,0,0,0,0,0,0,0,0,0,0,0,0
"SOUTHEAST","EASTERN","Lundazi","fra0506",1424.2,0,0,0,0,0,0,0,0,0,0,0,0
"NORTHCENTR","CENTRAL","Serenje","fra0506",2132.8,0,0,0,0,0,0,0,0,0,0,0,0
"NORTHWEST","COPPERBELT","Chililabombwe","fra0506",0,0,0,0,0,0,0,0,0,0,0,0,0
"NORTHWEST","COPPERBELT","Chingola","fra0506",0,0,0,0,0,0,0,0,0,0,0,0,0
"NORTHWEST","COPPERBELT","Lufwanyama","fra0506",810.05,0,0,0,0,0,0,0,0,0,0,0,0
"NORTHWEST","COPPERBELT","Mufulira","fra0506",0,0,0,0,0,0,0,0,0,0,0,0,0
"NORTHWEST","NORTH WESTERN","Kabompo","fra0506",1421.55,0,0,0,0,0,0,0,0,0,0,0,0
"NORTHWEST","COPPERBELT","Kalulushi","fra0506",0,0,0,0,0,0,0,0,0,0,0,0,0
"NORTHWEST","COPPERBELT","Kitwe","fra0506",0,0,0,0,0,0,0,0,0,0,0,0,0
"NORTHWEST","COPPERBELT","Ndola_urban","fra0506",73.1,0,0,0,0,0,0,0,0,0,0,0,0
"NORTHWEST","NORTH WESTERN","Kasempa","fra0506",2104.1,0,0,0,0,0,0,0,0,0,0,0,0
"NORTHWEST","NORTH WESTERN","Mufumbwe","fra0506",1696.05,0,0,0,0,0,0,0,0,0,0,0,0
"NORTHWEST","COPPERBELT","Luanshya","fra0506",0,0,0,0,0,0,0,0,0,0,0,0,0
"SOUTHEAST","EASTERN","Mambwe","fra0506",0,0,0,0,0,0,0,0,0,0,0,0,0
"NORTHWEST","COPPERBELT","Masaiti","fra0506",151,0,0,0,0,0,0,0,0,0,0,0,0
"NORTHWEST","NORTH WESTERN","Zambezi","fra0506",32.95,0,0,0,0,0,0,0,0,0,0,0,0
"NORTHWEST","NORTH WESTERN","Chavuma","fra0506",0,0,0,0,0,0,0,0,0,0,0,0,0
"SOUTHEAST","EASTERN","Chipata","fra0506",543.95,0,0,0,0,0,0,0,0,0,0,0,0
"NORTHWEST","COPPERBELT","Mpongwe","fra0506",5668.3,0,0,0,0,0,0,0,0,0,0,0,0
"NORTHCENTR","CENTRAL","Mkushi","fra0506",1859.35,0,0,0,0,0,0,0,0,0,0,0,0
"SOUTHEAST","EASTERN","Petauke","fra0506",3161.45,0,0,0,0,0,0,0,0,0,0,0,0
"NORTHCENTR","CENTRAL","Kapiri_Mposhi","fra0506",947.65,0,0,0,0,0,0,0,0,0,0,0,0
"SOUTHWEST","WESTERN","Lukulu","fra0506",0,0,0,0,0,0,0,0,0,0,0,0,0
"SOUTHEAST","EASTERN","Katete","fra0506",674.65,0,0,0,0,0,0,0,0,0,0,0,0
"SOUTHEAST","EASTERN","Chadiza","fra0506",886.9,0,0,0,0,0,0,0,0,0,0,0,0
"SOUTHEAST","EASTERN","Nyimba","fra0506",2354.65,0,0,0,0,0,0,0,0,0,0,0,0
"SOUTHWEST","WESTERN","Kaoma","fra0506",1089.05,0,0,0,0,0,0,0,0,0,0,0,0
"SOUTHWEST","WESTERN","Kalabo","fra0506",0,0,0,0,0,0,0,0,0,0,0,0,0
"NORTHCENTR","CENTRAL","Mumbwa","fra0506",275.7,0,0,0,0,0,0,0,0,0,0,0,0
"NORTHCENTR","CENTRAL","Kabwe_urban","fra0506",352.4,0,0,0,0,0,0,0,0,0,0,0,0
"NORTHCENTR","CENTRAL","Chibombo","fra0506",581.7,0,0,0,0,0,0,0,0,0,0,0,0
"SOUTHWEST","WESTERN","Mongu","fra0506",0,0,0,0,0,0,0,0,0,0,0,0,0
"SOUTHEAST","LUSAKA","Chongwe","fra0506",255.3,0,0,0,0,0,0,0,0,0,0,0,0
"SOUTHEAST","LUSAKA","Luangwa","fra0506",0,0,0,0,0,0,0,0,0,0,0,0,0
"SOUTHEAST","LUSAKA","Lusaka_urban","fra0506",7.75,0,0,0,0,0,0,0,0,0,0,0,0
"SOUTHEAST","LUSAKA","Kafue","fra0506",0,0,0,0,0,0,0,0,0,0,0,0,0
"SOUTHWEST","SOUTHERN","ItezhiTezhi","fra0506",256.55,0,0,0,0,0,0,0,0,0,0,0,0
"SOUTHWEST","WESTERN","Senanga","fra0506",0,0,0,0,0,0,0,0,0,0,0,0,0
"SOUTHWEST","SOUTHERN","Mazabuka","fra0506",445.3,0,0,0,0,0,0,0,0,0,0,0,0
"SOUTHWEST","WESTERN","Sesheke","fra0506",226.65,0,0,0,0,0,0,0,0,0,0,0,0
"SOUTHWEST","SOUTHERN","Namwala","fra0506",745.15,0,0,0,0,0,0,0,0,0,0,0,0
"SOUTHWEST","SOUTHERN","Monze","fra0506",332.1,0,0,0,0,0,0,0,0,0,0,0,0
"SOUTHWEST","WESTERN","Shangombo","fra0506",0,0,0,0,0,0,0,0,0,0,0,0,0
"SOUTHWEST","SOUTHERN","Siavonga","fra0506",0,0,0,0,0,0,0,0,0,0,0,0,0
"SOUTHWEST","SOUTHERN","Kazungula","fra0506",461.25,0,0,0,0,0,0,0,0,0,0,0,0
"SOUTHWEST","SOUTHERN","Choma","fra0506",479.65,0,0,0,0,0,0,0,0,0,0,0,0
"SOUTHWEST","SOUTHERN","Kalomo","fra0506",2667.1,0,0,0,0,0,0,0,0,0,0,0,0
"SOUTHWEST","SOUTHERN","Gwembe","fra0506",0,0,0,0,0,0,0,0,0,0,0,0,0
"SOUTHWEST","SOUTHERN","Sinazongwe","fra0506",0,0,0,0,0,0,0,0,0,0,0,0,0
"SOUTHWEST","SOUTHERN","Livingstone","fra0506",0,0,0,0,0,0,0,0,0,0,0,0,0
"NORTHCENTR","NORTHERN","Kaputa","fra0607",1348.9,0,0,0,0,0,0,0,0,0,0,0,0
"NORTHCENTR","NORTHERN","Mpulungu","fra0607",2817.55,0,0,0,0,0,0,0,0,0,0,0,0
"NORTHWEST","LUAPULA","Chienge","fra0607",1243.55,0,0,0,0,0,0,0,0,0,0,0,0
"NORTHCENTR","NORTHERN","Mbala","fra0607",20386.35,0,0,0,0,0,0,0,0,0,0,0,0
"NORTHWEST","LUAPULA","Nchelenge","fra0607",993.35,0,0,0,0,0,0,0,0,0,0,0,0
"NORTHCENTR","NORTHERN","Nakonde","fra0607",11704.2,0,0,0,0,0,0,0,0,0,0,0,0
"NORTHWEST","LUAPULA","Kawambwa","fra0607",3259.15,0,0,0,0,0,0,0,0,0,0,0,0
"NORTHCENTR","NORTHERN","Mporokoso","fra0607",2014.8,0,0,0,0,0,0,0,0,0,0,0,0
"NORTHCENTR","NORTHERN","Mungwi","fra0607",2407.85,0,0,0,0,0,0,0,0,0,0,0,0
"NORTHCENTR","NORTHERN","Isoka","fra0607",10866.05,0,0,0,0,0,0,0,0,0,0,0,0
"NORTHCENTR","NORTHERN","Chinsali","fra0607",3900.25,0,0,0,0,0,0,0,0,0,0,0,0
"NORTHCENTR","NORTHERN","Kasama","fra0607",5424.45,0,0,0,0,0,0,0,0,0,0,0,0
"NORTHWEST","LUAPULA","Mwense","fra0607",677.55,0,0,0,0,0,0,0,0,0,0,0,0
"NORTHCENTR","NORTHERN","Luwingu","fra0607",3587.25,0,0,0,0,0,0,0,0,0,0,0,0
"SOUTHEAST","EASTERN","Chama","fra0607",0,0,0,0,0,0,0,0,0,0,0,0,0
"NORTHCENTR","NORTHERN","Chilubi","fra0607",0,0,0,0,0,0,0,0,0,0,0,0,0
"NORTHWEST","LUAPULA","Samfya","fra0607",1391.5,0,0,0,0,0,0,0,0,0,0,0,0
"NORTHWEST","LUAPULA","Mansa","fra0607",4641.1,0,0,0,0,0,0,0,0,0,0,0,0
"NORTHWEST","NORTH WESTERN","Mwinilunga","fra0607",2764.7,0,0,0,0,0,0,0,0,0,0,0,0
"NORTHCENTR","NORTHERN","Mpika","fra0607",8250.85,0,0,0,0,0,0,0,0,0,0,0,0
"NORTHWEST","LUAPULA","Milenge","fra0607",546.1,0,0,0,0,0,0,0,0,0,0,0,0
"NORTHWEST","NORTH WESTERN","Solwezi","fra0607",3648.45,0,0,0,0,0,0,0,0,0,0,0,0
"SOUTHEAST","EASTERN","Lundazi","fra0607",7671.55,0,0,0,0,0,0,0,0,0,0,0,0
"NORTHCENTR","CENTRAL","Serenje","fra0607",11877.85,0,0,0,0,0,0,0,0,0,0,0,0
"NORTHWEST","COPPERBELT","Chililabombwe","fra0607",0,0,0,0,0,0,0,0,0,0,0,0,0
"NORTHWEST","COPPERBELT","Chingola","fra0607",0,0,0,0,0,0,0,0,0,0,0,0,0
"NORTHWEST","COPPERBELT","Lufwanyama","fra0607",3395.3,0,0,0,0,0,0,0,0,0,0,0,0
"NORTHWEST","COPPERBELT","Mufulira","fra0607",0,0,0,0,0,0,0,0,0,0,0,0,0
"NORTHWEST","NORTH WESTERN","Kabompo","fra0607",1301.1,0,0,0,0,0,0,0,0,0,0,0,0
"NORTHWEST","COPPERBELT","Kalulushi","fra0607",0,0,0,0,0,0,0,0,0,0,0,0,0
"NORTHWEST","COPPERBELT","Kitwe","fra0607",0,0,0,0,0,0,0,0,0,0,0,0,0
"NORTHWEST","COPPERBELT","Ndola_urban","fra0607",1467.35,0,0,0,0,0,0,0,0,0,0,0,0
"NORTHWEST","NORTH WESTERN","Kasempa","fra0607",4188.75,0,0,0,0,0,0,0,0,0,0,0,0
"NORTHWEST","NORTH WESTERN","Mufumbwe","fra0607",2548.05,0,0,0,0,0,0,0,0,0,0,0,0
"NORTHWEST","COPPERBELT","Luanshya","fra0607",0,0,0,0,0,0,0,0,0,0,0,0,0
"SOUTHEAST","EASTERN","Mambwe","fra0607",0,0,0,0,0,0,0,0,0,0,0,0,0
"NORTHWEST","COPPERBELT","Masaiti","fra0607",3589.3,0,0,0,0,0,0,0,0,0,0,0,0
"NORTHWEST","NORTH WESTERN","Zambezi","fra0607",238.95,0,0,0,0,0,0,0,0,0,0,0,0
"NORTHWEST","NORTH WESTERN","Chavuma","fra0607",0,0,0,0,0,0,0,0,0,0,0,0,0
"SOUTHEAST","EASTERN","Chipata","fra0607",10445.95,0,0,0,0,0,0,0,0,0,0,0,0
"NORTHWEST","COPPERBELT","Mpongwe","fra0607",7415.4,0,0,0,0,0,0,0,0,0,0,0,0
"NORTHCENTR","CENTRAL","Mkushi","fra0607",15681.4,0,0,0,0,0,0,0,0,0,0,0,0
"SOUTHEAST","EASTERN","Petauke","fra0607",15935.85,0,0,0,0,0,0,0,0,0,0,0,0
"NORTHCENTR","CENTRAL","Kapiri_Mposhi","fra0607",8787.45,0,0,0,0,0,0,0,0,0,0,0,0
"SOUTHWEST","WESTERN","Lukulu","fra0607",15.25,0,0,0,0,0,0,0,0,0,0,0,0
"SOUTHEAST","EASTERN","Katete","fra0607",30633.95,0,0,0,0,0,0,0,0,0,0,0,0
"SOUTHEAST","EASTERN","Chadiza","fra0607",28257.15,0,0,0,0,0,0,0,0,0,0,0,0
"SOUTHEAST","EASTERN","Nyimba","fra0607",10088.15,0,0,0,0,0,0,0,0,0,0,0,0
"SOUTHWEST","WESTERN","Kaoma","fra0607",2985.9,0,0,0,0,0,0,0,0,0,0,0,0
"SOUTHWEST","WESTERN","Kalabo","fra0607",0,0,0,0,0,0,0,0,0,0,0,0,0
"NORTHCENTR","CENTRAL","Mumbwa","fra0607",13183.25,0,0,0,0,0,0,0,0,0,0,0,0
"NORTHCENTR","CENTRAL","Kabwe_urban","fra0607",10644.1,0,0,0,0,0,0,0,0,0,0,0,0
"NORTHCENTR","CENTRAL","Chibombo","fra0607",11830.7,0,0,0,0,0,0,0,0,0,0,0,0
"SOUTHWEST","WESTERN","Mongu","fra0607",0,0,0,0,0,0,0,0,0,0,0,0,0
"SOUTHEAST","LUSAKA","Chongwe","fra0607",10954.7,0,0,0,0,0,0,0,0,0,0,0,0
"SOUTHEAST","LUSAKA","Luangwa","fra0607",0,0,0,0,0,0,0,0,0,0,0,0,0
"SOUTHEAST","LUSAKA","Lusaka_urban","fra0607",4979.1,0,0,0,0,0,0,0,0,0,0,0,0
"SOUTHEAST","LUSAKA","Kafue","fra0607",992.8,0,0,0,0,0,0,0,0,0,0,0,0
"SOUTHWEST","SOUTHERN","ItezhiTezhi","fra0607",3453.8,0,0,0,0,0,0,0,0,0,0,0,0
"SOUTHWEST","WESTERN","Senanga","fra0607",0,0,0,0,0,0,0,0,0,0,0,0,0
"SOUTHWEST","SOUTHERN","Mazabuka","fra0607",10292.45,0,0,0,0,0,0,0,0,0,0,0,0
"SOUTHWEST","WESTERN","Sesheke","fra0607",1451.75,0,0,0,0,0,0,0,0,0,0,0,0
"SOUTHWEST","SOUTHERN","Namwala","fra0607",9236.15,0,0,0,0,0,0,0,0,0,0,0,0
"SOUTHWEST","SOUTHERN","Monze","fra0607",12885.55,0,0,0,0,0,0,0,0,0,0,0,0
"SOUTHWEST","WESTERN","Shangombo","fra0607",0,0,0,0,0,0,0,0,0,0,0,0,0
"SOUTHWEST","SOUTHERN","Siavonga","fra0607",0,0,0,0,0,0,0,0,0,0,0,0,0
"SOUTHWEST","SOUTHERN","Kazungula","fra0607",4533,0,0,0,0,0,0,0,0,0,0,0,0
"SOUTHWEST","SOUTHERN","Choma","fra0607",14418.75,0,0,0,0,0,0,0,0,0,0,0,0
"SOUTHWEST","SOUTHERN","Kalomo","fra0607",22254.8,0,0,0,0,0,0,0,0,0,0,0,0
"SOUTHWEST","SOUTHERN","Gwembe","fra0607",0,0,0,0,0,0,0,0,0,0,0,0,0
"SOUTHWEST","SOUTHERN","Sinazongwe","fra0607",0,0,0,0,0,0,0,0,0,0,0,0,0
"SOUTHWEST","SOUTHERN","Livingstone","fra0607",0,0,0,0,0,0,0,0,0,0,0,0,0
"NORTHCENTR","NORTHERN","Kaputa","fra0708",664.9,0,0,0,0,0,0,0,0,0,0,0,0
"NORTHCENTR","NORTHERN","Mpulungu","fra0708",3159.2,0,0,0,0,0,0,0,0,0,0,0,0
"NORTHWEST","LUAPULA","Chienge","fra0708",1102.9,0,0,0,0,0,0,0,0,0,0,0,0
"NORTHCENTR","NORTHERN","Mbala","fra0708",11525.45,0,0,0,0,0,0,0,0,0,0,0,0
"NORTHWEST","LUAPULA","Nchelenge","fra0708",842.9,0,0,0,0,0,0,0,0,0,0,0,0
"NORTHCENTR","NORTHERN","Nakonde","fra0708",8082,0,0,0,0,0,0,0,0,0,0,0,0
"NORTHWEST","LUAPULA","Kawambwa","fra0708",3319.75,0,0,0,0,0,0,0,0,0,0,0,0
"NORTHCENTR","NORTHERN","Mporokoso","fra0708",1336.85,0,0,0,0,0,0,0,0,0,0,0,0
"NORTHCENTR","NORTHERN","Mungwi","fra0708",2904.2,0,0,0,0,0,0,0,0,0,0,0,0
"NORTHCENTR","NORTHERN","Isoka","fra0708",10932.15,0,0,0,0,0,0,0,0,0,0,0,0
"NORTHCENTR","NORTHERN","Chinsali","fra0708",4940.95,0,0,0,0,0,0,0,0,0,0,0,0
"NORTHCENTR","NORTHERN","Kasama","fra0708",5252.4,0,0,0,0,0,0,0,0,0,0,0,0
"NORTHWEST","LUAPULA","Mwense","fra0708",811.4,0,0,0,0,0,0,0,0,0,0,0,0
"NORTHCENTR","NORTHERN","Luwingu","fra0708",2760.35,0,0,0,0,0,0,0,0,0,0,0,0
"SOUTHEAST","EASTERN","Chama","fra0708",0,0,0,0,0,0,0,0,0,0,0,0,0
"NORTHCENTR","NORTHERN","Chilubi","fra0708",0,0,0,0,0,0,0,0,0,0,0,0,0
"NORTHWEST","LUAPULA","Samfya","fra0708",1033.6,0,0,0,0,0,0,0,0,0,0,0,0
"NORTHWEST","LUAPULA","Mansa","fra0708",5437,0,0,0,0,0,0,0,0,0,0,0,0
"NORTHWEST","NORTH WESTERN","Mwinilunga","fra0708",1899.7,0,0,0,0,0,0,0,0,0,0,0,0
"NORTHCENTR","NORTHERN","Mpika","fra0708",4245.05,0,0,0,0,0,0,0,0,0,0,0,0
"NORTHWEST","LUAPULA","Milenge","fra0708",410.9,0,0,0,0,0,0,0,0,0,0,0,0
"NORTHWEST","NORTH WESTERN","Solwezi","fra0708",2760.35,0,0,0,0,0,0,0,0,0,0,0,0
"SOUTHEAST","EASTERN","Lundazi","fra0708",17134.9,0,0,0,0,0,0,0,0,0,0,0,0
"NORTHCENTR","CENTRAL","Serenje","fra0708",7662.25,0,0,0,0,0,0,0,0,0,0,0,0
"NORTHWEST","COPPERBELT","Chililabombwe","fra0708",0,0,0,0,0,0,0,0,0,0,0,0,0
"NORTHWEST","COPPERBELT","Chingola","fra0708",607,0,0,0,0,0,0,0,0,0,0,0,0
"NORTHWEST","COPPERBELT","Lufwanyama","fra0708",4027.3,0,0,0,0,0,0,0,0,0,0,0,0
"NORTHWEST","COPPERBELT","Mufulira","fra0708",0,0,0,0,0,0,0,0,0,0,0,0,0
"NORTHWEST","NORTH WESTERN","Kabompo","fra0708",1612.9,0,0,0,0,0,0,0,0,0,0,0,0
"NORTHWEST","COPPERBELT","Kalulushi","fra0708",0,0,0,0,0,0,0,0,0,0,0,0,0
"NORTHWEST","COPPERBELT","Kitwe","fra0708",0,0,0,0,0,0,0,0,0,0,0,0,0
"NORTHWEST","COPPERBELT","Ndola_urban","fra0708",486.75,0,0,0,0,0,0,0,0,0,0,0,0
"NORTHWEST","NORTH WESTERN","Kasempa","fra0708",4554.15,0,0,0,0,0,0,0,0,0,0,0,0
"NORTHWEST","NORTH WESTERN","Mufumbwe","fra0708",2317.7,0,0,0,0,0,0,0,0,0,0,0,0
"NORTHWEST","COPPERBELT","Luanshya","fra0708",0,0,0,0,0,0,0,0,0,0,0,0,0
"SOUTHEAST","EASTERN","Mambwe","fra0708",0,0,0,0,0,0,0,0,0,0,0,0,0
"NORTHWEST","COPPERBELT","Masaiti","fra0708",3131.1,0,0,0,0,0,0,0,0,0,0,0,0
"NORTHWEST","NORTH WESTERN","Zambezi","fra0708",22.2,0,0,0,0,0,0,0,0,0,0,0,0
"NORTHWEST","NORTH WESTERN","Chavuma","fra0708",0,0,0,0,0,0,0,0,0,0,0,0,0
"SOUTHEAST","EASTERN","Chipata","fra0708",28802.85,0,0,0,0,0,0,0,0,0,0,0,0
"NORTHWEST","COPPERBELT","Mpongwe","fra0708",9492.65,0,0,0,0,0,0,0,0,0,0,0,0
"NORTHCENTR","CENTRAL","Mkushi","fra0708",14439.35,0,0,0,0,0,0,0,0,0,0,0,0
"SOUTHEAST","EASTERN","Petauke","fra0708",22809.1,0,0,0,0,0,0,0,0,0,0,0,0
"NORTHCENTR","CENTRAL","Kapiri_Mposhi","fra0708",4759.5,0,0,0,0,0,0,0,0,0,0,0,0
"SOUTHWEST","WESTERN","Lukulu","fra0708",49.35,0,0,0,0,0,0,0,0,0,0,0,0
"SOUTHEAST","EASTERN","Katete","fra0708",19132.45,0,0,0,0,0,0,0,0,0,0,0,0
"SOUTHEAST","EASTERN","Chadiza","fra0708",18483.25,0,0,0,0,0,0,0,0,0,0,0,0
"SOUTHEAST","EASTERN","Nyimba","fra0708",9103.45,0,0,0,0,0,0,0,0,0,0,0,0
"SOUTHWEST","WESTERN","Kaoma","fra0708",4106.35,0,0,0,0,0,0,0,0,0,0,0,0
"SOUTHWEST","WESTERN","Kalabo","fra0708",0,0,0,0,0,0,0,0,0,0,0,0,0
"NORTHCENTR","CENTRAL","Mumbwa","fra0708",12322.15,0,0,0,0,0,0,0,0,0,0,0,0
"NORTHCENTR","CENTRAL","Kabwe_urban","fra0708",14451.4,0,0,0,0,0,0,0,0,0,0,0,0
"NORTHCENTR","CENTRAL","Chibombo","fra0708",14155.2,0,0,0,0,0,0,0,0,0,0,0,0
"SOUTHWEST","WESTERN","Mongu","fra0708",0,0,0,0,0,0,0,0,0,0,0,0,0
"SOUTHEAST","LUSAKA","Chongwe","fra0708",10677.55,0,0,0,0,0,0,0,0,0,0,0,0
"SOUTHEAST","LUSAKA","Luangwa","fra0708",0,0,0,0,0,0,0,0,0,0,0,0,0
"SOUTHEAST","LUSAKA","Lusaka_urban","fra0708",4649.15,0,0,0,0,0,0,0,0,0,0,0,0
"SOUTHEAST","LUSAKA","Kafue","fra0708",1067.5,0,0,0,0,0,0,0,0,0,0,0,0
"SOUTHWEST","SOUTHERN","ItezhiTezhi","fra0708",5481.6,0,0,0,0,0,0,0,0,0,0,0,0
"SOUTHWEST","WESTERN","Senanga","fra0708",0,0,0,0,0,0,0,0,0,0,0,0,0
"SOUTHWEST","SOUTHERN","Mazabuka","fra0708",15891.8,0,0,0,0,0,0,0,0,0,0,0,0
"SOUTHWEST","WESTERN","Sesheke","fra0708",2007.15,0,0,0,0,0,0,0,0,0,0,0,0
"SOUTHWEST","SOUTHERN","Namwala","fra0708",7889.9,0,0,0,0,0,0,0,0,0,0,0,0
"SOUTHWEST","SOUTHERN","Monze","fra0708",13621.15,0,0,0,0,0,0,0,0,0,0,0,0
"SOUTHWEST","WESTERN","Shangombo","fra0708",338.1,0,0,0,0,0,0,0,0,0,0,0,0
"SOUTHWEST","SOUTHERN","Siavonga","fra0708",333.6,0,0,0,0,0,0,0,0,0,0,0,0
"SOUTHWEST","SOUTHERN","Kazungula","fra0708",8505.55,0,0,0,0,0,0,0,0,0,0,0,0
"SOUTHWEST","SOUTHERN","Choma","fra0708",14120.95,0,0,0,0,0,0,0,0,0,0,0,0
"SOUTHWEST","SOUTHERN","Kalomo","fra0708",24362.3,0,0,0,0,0,0,0,0,0,0,0,0
"SOUTHWEST","SOUTHERN","Gwembe","fra0708",340.75,0,0,0,0,0,0,0,0,0,0,0,0
"SOUTHWEST","SOUTHERN","Sinazongwe","fra0708",77.7,0,0,0,0,0,0,0,0,0,0,0,0
"SOUTHWEST","SOUTHERN","Livingstone","fra0708",0,0,0,0,0,0,0,0,0,0,0,0,0
"NORTHCENTR","NORTHERN","Kaputa","fra0809",1367.65,0,0,0,0,0,0,0,0,0,0,0,0
"NORTHCENTR","NORTHERN","Mpulungu","fra0809",1515.9,0,0,0,0,0,0,0,0,0,0,0,0
"NORTHWEST","LUAPULA","Chienge","fra0809",2295.65,0,0,0,0,0,0,0,0,0,0,0,0
"NORTHCENTR","NORTHERN","Mbala","fra0809",4795.5,0,0,0,0,0,0,0,0,0,0,0,0
"NORTHWEST","LUAPULA","Nchelenge","fra0809",809.65,0,0,0,0,0,0,0,0,0,0,0,0
"NORTHCENTR","NORTHERN","Nakonde","fra0809",3304.4,0,0,0,0,0,0,0,0,0,0,0,0
"NORTHWEST","LUAPULA","Kawambwa","fra0809",3922.3,0,0,0,0,0,0,0,0,0,0,0,0
"NORTHCENTR","NORTHERN","Mporokoso","fra0809",2436.2,0,0,0,0,0,0,0,0,0,0,0,0
"NORTHCENTR","NORTHERN","Mungwi","fra0809",2803.2,0,0,0,0,0,0,0,0,0,0,0,0
"NORTHCENTR","NORTHERN","Isoka","fra0809",6590.5,0,0,0,0,0,0,0,0,0,0,0,0
"NORTHCENTR","NORTHERN","Chinsali","fra0809",2311.8,0,0,0,0,0,0,0,0,0,0,0,0
"NORTHCENTR","NORTHERN","Kasama","fra0809",2954.7,0,0,0,0,0,0,0,0,0,0,0,0
"NORTHWEST","LUAPULA","Mwense","fra0809",828.9,0,0,0,0,0,0,0,0,0,0,0,0
"NORTHCENTR","NORTHERN","Luwingu","fra0809",1953,0,0,0,0,0,0,0,0,0,0,0,0
"SOUTHEAST","EASTERN","Chama","fra0809",281.9,0,0,0,0,0,0,0,0,0,0,0,0
"NORTHCENTR","NORTHERN","Chilubi","fra0809",0,0,0,0,0,0,0,0,0,0,0,0,0
"NORTHWEST","LUAPULA","Samfya","fra0809",1108.25,0,0,0,0,0,0,0,0,0,0,0,0
"NORTHWEST","LUAPULA","Mansa","fra0809",2314.5,0,0,0,0,0,0,0,0,0,0,0,0
"NORTHWEST","NORTH WESTERN","Mwinilunga","fra0809",1497.2,0,0,0,0,0,0,0,0,0,0,0,0
"NORTHCENTR","NORTHERN","Mpika","fra0809",1641.5,0,0,0,0,0,0,0,0,0,0,0,0
"NORTHWEST","LUAPULA","Milenge","fra0809",1441.8,0,0,0,0,0,0,0,0,0,0,0,0
"NORTHWEST","NORTH WESTERN","Solwezi","fra0809",592.35,0,0,0,0,0,0,0,0,0,0,0,0
"SOUTHEAST","EASTERN","Lundazi","fra0809",3273.2,0,0,0,0,0,0,0,0,0,0,0,0
"NORTHCENTR","CENTRAL","Serenje","fra0809",1786.1,0,0,0,0,0,0,0,0,0,0,0,0
"NORTHWEST","COPPERBELT","Chililabombwe","fra0809",0,0,0,0,0,0,0,0,0,0,0,0,0
"NORTHWEST","COPPERBELT","Chingola","fra0809",217.1,0,0,0,0,0,0,0,0,0,0,0,0
"NORTHWEST","COPPERBELT","Lufwanyama","fra0809",1182.75,0,0,0,0,0,0,0,0,0,0,0,0
"NORTHWEST","COPPERBELT","Mufulira","fra0809",0,0,0,0,0,0,0,0,0,0,0,0,0
"NORTHWEST","NORTH WESTERN","Kabompo","fra0809",1623.25,0,0,0,0,0,0,0,0,0,0,0,0
"NORTHWEST","COPPERBELT","Kalulushi","fra0809",0,0,0,0,0,0,0,0,0,0,0,0,0
"NORTHWEST","COPPERBELT","Kitwe","fra0809",0,0,0,0,0,0,0,0,0,0,0,0,0
"NORTHWEST","COPPERBELT","Ndola_urban","fra0809",33.3,0,0,0,0,0,0,0,0,0,0,0,0
"NORTHWEST","NORTH WESTERN","Kasempa","fra0809",1529.05,0,0,0,0,0,0,0,0,0,0,0,0
"NORTHWEST","NORTH WESTERN","Mufumbwe","fra0809",1428.25,0,0,0,0,0,0,0,0,0,0,0,0
"NORTHWEST","COPPERBELT","Luanshya","fra0809",0,0,0,0,0,0,0,0,0,0,0,0,0
"SOUTHEAST","EASTERN","Mambwe","fra0809",0,0,0,0,0,0,0,0,0,0,0,0,0
"NORTHWEST","COPPERBELT","Masaiti","fra0809",244.55,0,0,0,0,0,0,0,0,0,0,0,0
"NORTHWEST","NORTH WESTERN","Zambezi","fra0809",38.8,0,0,0,0,0,0,0,0,0,0,0,0
"NORTHWEST","NORTH WESTERN","Chavuma","fra0809",0,0,0,0,0,0,0,0,0,0,0,0,0
"SOUTHEAST","EASTERN","Chipata","fra0809",1246.35,0,0,0,0,0,0,0,0,0,0,0,0
"NORTHWEST","COPPERBELT","Mpongwe","fra0809",549.9,0,0,0,0,0,0,0,0,0,0,0,0
"NORTHCENTR","CENTRAL","Mkushi","fra0809",205.2,0,0,0,0,0,0,0,0,0,0,0,0
"SOUTHEAST","EASTERN","Petauke","fra0809",952.65,0,0,0,0,0,0,0,0,0,0,0,0
"NORTHCENTR","CENTRAL","Kapiri_Mposhi","fra0809",163.8,0,0,0,0,0,0,0,0,0,0,0,0
"SOUTHWEST","WESTERN","Lukulu","fra0809",3.55,0,0,0,0,0,0,0,0,0,0,0,0
"SOUTHEAST","EASTERN","Katete","fra0809",4447.55,0,0,0,0,0,0,0,0,0,0,0,0
"SOUTHEAST","EASTERN","Chadiza","fra0809",1700.95,0,0,0,0,0,0,0,0,0,0,0,0
"SOUTHEAST","EASTERN","Nyimba","fra0809",342.1,0,0,0,0,0,0,0,0,0,0,0,0
"SOUTHWEST","WESTERN","Kaoma","fra0809",130.45,0,0,0,0,0,0,0,0,0,0,0,0
"SOUTHWEST","WESTERN","Kalabo","fra0809",0,0,0,0,0,0,0,0,0,0,0,0,0
"NORTHCENTR","CENTRAL","Mumbwa","fra0809",145.75,0,0,0,0,0,0,0,0,0,0,0,0
"NORTHCENTR","CENTRAL","Kabwe_urban","fra0809",947.9,0,0,0,0,0,0,0,0,0,0,0,0
"NORTHCENTR","CENTRAL","Chibombo","fra0809",394.45,0,0,0,0,0,0,0,0,0,0,0,0
"SOUTHWEST","WESTERN","Mongu","fra0809",0,0,0,0,0,0,0,0,0,0,0,0,0
"SOUTHEAST","LUSAKA","Chongwe","fra0809",161.5,0,0,0,0,0,0,0,0,0,0,0,0
"SOUTHEAST","LUSAKA","Luangwa","fra0809",0,0,0,0,0,0,0,0,0,0,0,0,0
"SOUTHEAST","LUSAKA","Lusaka_urban","fra0809",25.85,0,0,0,0,0,0,0,0,0,0,0,0
"SOUTHEAST","LUSAKA","Kafue","fra0809",4.85,0,0,0,0,0,0,0,0,0,0,0,0
"SOUTHWEST","SOUTHERN","ItezhiTezhi","fra0809",1055.7,0,0,0,0,0,0,0,0,0,0,0,0
"SOUTHWEST","WESTERN","Senanga","fra0809",0,0,0,0,0,0,0,0,0,0,0,0,0
"SOUTHWEST","SOUTHERN","Mazabuka","fra0809",103.7,0,0,0,0,0,0,0,0,0,0,0,0
"SOUTHWEST","WESTERN","Sesheke","fra0809",430.95,0,0,0,0,0,0,0,0,0,0,0,0
"SOUTHWEST","SOUTHERN","Namwala","fra0809",143.15,0,0,0,0,0,0,0,0,0,0,0,0
"SOUTHWEST","SOUTHERN","Monze","fra0809",78.1,0,0,0,0,0,0,0,0,0,0,0,0
"SOUTHWEST","WESTERN","Shangombo","fra0809",68.7,0,0,0,0,0,0,0,0,0,0,0,0
"SOUTHWEST","SOUTHERN","Siavonga","fra0809",82.7,0,0,0,0,0,0,0,0,0,0,0,0
"SOUTHWEST","SOUTHERN","Kazungula","fra0809",402.05,0,0,0,0,0,0,0,0,0,0,0,0
"SOUTHWEST","SOUTHERN","Choma","fra0809",318.8,0,0,0,0,0,0,0,0,0,0,0,0
"SOUTHWEST","SOUTHERN","Kalomo","fra0809",1635.15,0,0,0,0,0,0,0,0,0,0,0,0
"SOUTHWEST","SOUTHERN","Gwembe","fra0809",0,0,0,0,0,0,0,0,0,0,0,0,0
"SOUTHWEST","SOUTHERN","Sinazongwe","fra0809",11,0,0,0,0,0,0,0,0,0,0,0,0
"SOUTHWEST","SOUTHERN","Livingstone","fra0809",0,0,0,0,0,0,0,0,0,0,0,0,0
"NORTHCENTR","NORTHERN","Kaputa","fra0910",2125.4,0,0,0,0,0,0,0,0,0,0,0,0
"NORTHCENTR","NORTHERN","Mpulungu","fra0910",2642.75,0,0,0,0,0,0,0,0,0,0,0,0
"NORTHWEST","LUAPULA","Chienge","fra0910",3078.75,0,0,0,0,0,0,0,0,0,0,0,0
"NORTHCENTR","NORTHERN","Mbala","fra0910",11014.7,0,0,0,0,0,0,0,0,0,0,0,0
"NORTHWEST","LUAPULA","Nchelenge","fra0910",1433.55,0,0,0,0,0,0,0,0,0,0,0,0
"NORTHCENTR","NORTHERN","Nakonde","fra0910",6480.25,0,0,0,0,0,0,0,0,0,0,0,0
"NORTHWEST","LUAPULA","Kawambwa","fra0910",3145.65,0,0,0,0,0,0,0,0,0,0,0,0
"NORTHCENTR","NORTHERN","Mporokoso","fra0910",2896.95,0,0,0,0,0,0,0,0,0,0,0,0
"NORTHCENTR","NORTHERN","Mungwi","fra0910",3852.75,0,0,0,0,0,0,0,0,0,0,0,0
"NORTHCENTR","NORTHERN","Isoka","fra0910",10754.8,0,0,0,0,0,0,0,0,0,0,0,0
"NORTHCENTR","NORTHERN","Chinsali","fra0910",3966.7,0,0,0,0,0,0,0,0,0,0,0,0
"NORTHCENTR","NORTHERN","Kasama","fra0910",5487.85,0,0,0,0,0,0,0,0,0,0,0,0
"NORTHWEST","LUAPULA","Mwense","fra0910",972.15,0,0,0,0,0,0,0,0,0,0,0,0
"NORTHCENTR","NORTHERN","Luwingu","fra0910",2448.35,0,0,0,0,0,0,0,0,0,0,0,0
"SOUTHEAST","EASTERN","Chama","fra0910",1350.9,0,0,0,0,0,0,0,0,0,0,0,0
"NORTHCENTR","NORTHERN","Chilubi","fra0910",0,0,0,0,0,0,0,0,0,0,0,0,0
"NORTHWEST","LUAPULA","Samfya","fra0910",1393.75,0,0,0,0,0,0,0,0,0,0,0,0
"NORTHWEST","LUAPULA","Mansa","fra0910",3953.05,0,0,0,0,0,0,0,0,0,0,0,0
"NORTHWEST","NORTH WESTERN","Mwinilunga","fra0910",1731.1,0,0,0,0,0,0,0,0,0,0,0,0
"NORTHCENTR","NORTHERN","Mpika","fra0910",4725.05,0,0,0,0,0,0,0,0,0,0,0,0
"NORTHWEST","LUAPULA","Milenge","fra0910",677.45,0,0,0,0,0,0,0,0,0,0,0,0
"NORTHWEST","NORTH WESTERN","Solwezi","fra0910",1314,0,0,0,0,0,0,0,0,0,0,0,0
"SOUTHEAST","EASTERN","Lundazi","fra0910",8105.45,0,0,0,0,0,0,0,0,0,0,0,0
"NORTHCENTR","CENTRAL","Serenje","fra0910",4844.4,0,0,0,0,0,0,0,0,0,0,0,0
"NORTHWEST","COPPERBELT","Chililabombwe","fra0910",0,0,0,0,0,0,0,0,0,0,0,0,0
"NORTHWEST","COPPERBELT","Chingola","fra0910",229.9,0,0,0,0,0,0,0,0,0,0,0,0
"NORTHWEST","COPPERBELT","Lufwanyama","fra0910",1872.6,0,0,0,0,0,0,0,0,0,0,0,0
"NORTHWEST","COPPERBELT","Mufulira","fra0910",0,0,0,0,0,0,0,0,0,0,0,0,0
"NORTHWEST","NORTH WESTERN","Kabompo","fra0910",1639.85,0,0,0,0,0,0,0,0,0,0,0,0
"NORTHWEST","COPPERBELT","Kalulushi","fra0910",0,0,0,0,0,0,0,0,0,0,0,0,0
"NORTHWEST","COPPERBELT","Kitwe","fra0910",0,0,0,0,0,0,0,0,0,0,0,0,0
"NORTHWEST","COPPERBELT","Ndola_urban","fra0910",106.7,0,0,0,0,0,0,0,0,0,0,0,0
"NORTHWEST","NORTH WESTERN","Kasempa","fra0910",3121.35,0,0,0,0,0,0,0,0,0,0,0,0
"NORTHWEST","NORTH WESTERN","Mufumbwe","fra0910",1907,0,0,0,0,0,0,0,0,0,0,0,0
"NORTHWEST","COPPERBELT","Luanshya","fra0910",0,0,0,0,0,0,0,0,0,0,0,0,0
"SOUTHEAST","EASTERN","Mambwe","fra0910",0,0,0,0,0,0,0,0,0,0,0,0,0
"NORTHWEST","COPPERBELT","Masaiti","fra0910",918.6,0,0,0,0,0,0,0,0,0,0,0,0
"NORTHWEST","NORTH WESTERN","Zambezi","fra0910",159.8,0,0,0,0,0,0,0,0,0,0,0,0
"NORTHWEST","NORTH WESTERN","Chavuma","fra0910",0,0,0,0,0,0,0,0,0,0,0,0,0
"SOUTHEAST","EASTERN","Chipata","fra0910",8270.5,0,0,0,0,0,0,0,0,0,0,0,0
"NORTHWEST","COPPERBELT","Mpongwe","fra0910",1383.35,0,0,0,0,0,0,0,0,0,0,0,0
"NORTHCENTR","CENTRAL","Mkushi","fra0910",3663.4,0,0,0,0,0,0,0,0,0,0,0,0
"SOUTHEAST","EASTERN","Petauke","fra0910",5662.6,0,0,0,0,0,0,0,0,0,0,0,0
"NORTHCENTR","CENTRAL","Kapiri_Mposhi","fra0910",1814.5,0,0,0,0,0,0,0,0,0,0,0,0
"SOUTHWEST","WESTERN","Lukulu","fra0910",24.2,0,0,0,0,0,0,0,0,0,0,0,0
"SOUTHEAST","EASTERN","Katete","fra0910",11257.25,0,0,0,0,0,0,0,0,0,0,0,0
"SOUTHEAST","EASTERN","Chadiza","fra0910",3481.1,0,0,0,0,0,0,0,0,0,0,0,0
"SOUTHEAST","EASTERN","Nyimba","fra0910",3212.9,0,0,0,0,0,0,0,0,0,0,0,0
"SOUTHWEST","WESTERN","Kaoma","fra0910",1525.25,0,0,0,0,0,0,0,0,0,0,0,0
"SOUTHWEST","WESTERN","Kalabo","fra0910",0,0,0,0,0,0,0,0,0,0,0,0,0
"NORTHCENTR","CENTRAL","Mumbwa","fra0910",5195.85,0,0,0,0,0,0,0,0,0,0,0,0
"NORTHCENTR","CENTRAL","Kabwe_urban","fra0910",3156,0,0,0,0,0,0,0,0,0,0,0,0
"NORTHCENTR","CENTRAL","Chibombo","fra0910",5231.45,0,0,0,0,0,0,0,0,0,0,0,0
"SOUTHWEST","WESTERN","Mongu","fra0910",0,0,0,0,0,0,0,0,0,0,0,0,0
"SOUTHEAST","LUSAKA","Chongwe","fra0910",4105,0,0,0,0,0,0,0,0,0,0,0,0
"SOUTHEAST","LUSAKA","Luangwa","fra0910",0,0,0,0,0,0,0,0,0,0,0,0,0
"SOUTHEAST","LUSAKA","Lusaka_urban","fra0910",1524.85,0,0,0,0,0,0,0,0,0,0,0,0
"SOUTHEAST","LUSAKA","Kafue","fra0910",750.15,0,0,0,0,0,0,0,0,0,0,0,0
"SOUTHWEST","SOUTHERN","ItezhiTezhi","fra0910",3482.7,0,0,0,0,0,0,0,0,0,0,0,0
"SOUTHWEST","WESTERN","Senanga","fra0910",0,0,0,0,0,0,0,0,0,0,0,0,0
"SOUTHWEST","SOUTHERN","Mazabuka","fra0910",4910.3,0,0,0,0,0,0,0,0,0,0,0,0
"SOUTHWEST","WESTERN","Sesheke","fra0910",3034.85,0,0,0,0,0,0,0,0,0,0,0,0
"SOUTHWEST","SOUTHERN","Namwala","fra0910",3631.95,0,0,0,0,0,0,0,0,0,0,0,0
"SOUTHWEST","SOUTHERN","Monze","fra0910",7530.6,0,0,0,0,0,0,0,0,0,0,0,0
"SOUTHWEST","WESTERN","Shangombo","fra0910",355.05,0,0,0,0,0,0,0,0,0,0,0,0
"SOUTHWEST","SOUTHERN","Siavonga","fra0910",437.3,0,0,0,0,0,0,0,0,0,0,0,0
"SOUTHWEST","SOUTHERN","Kazungula","fra0910",4129.7,0,0,0,0,0,0,0,0,0,0,0,0
"SOUTHWEST","SOUTHERN","Choma","fra0910",4399.4,0,0,0,0,0,0,0,0,0,0,0,0
"SOUTHWEST","SOUTHERN","Kalomo","fra0910",6979.55,0,0,0,0,0,0,0,0,0,0,0,0
"SOUTHWEST","SOUTHERN","Gwembe","fra0910",596.1,0,0,0,0,0,0,0,0,0,0,0,0
"SOUTHWEST","SOUTHERN","Sinazongwe","fra0910",532.3,0,0,0,0,0,0,0,0,0,0,0,0
"SOUTHWEST","SOUTHERN","Livingstone","fra0910",0,0,0,0,0,0,0,0,0,0,0,0,0
